{"cameraMode":{"drawMode":0,"name":"Shaded","section":"Shading Mode"},"sceneLighting":true,"audioPlay":false,"sceneViewState":{"m_AlwaysRefresh":false,"showFog":true,"showSkybox":true,"showFlares":true,"showImageEffects":true,"showParticleSystems":true,"showVisualEffectGraphs":true,"m_FxEnabled":false},"in2DMode":false,"pivot":{"x":0.2525815963745117,"y":0.4333195686340332,"z":-2.094600200653076},"rotation":{"x":0.03196291998028755,"y":0.9656588435173035,"z":-0.14445582032203675,"w":0.21340277791023255},"size":8.874499320983887,"orthographic":false}