{"cameraMode":{"drawMode":0,"name":"Shaded","section":"Shading Mode"},"sceneLighting":true,"audioPlay":false,"sceneViewState":{"m_AlwaysRefresh":false,"showFog":true,"showSkybox":true,"showFlares":true,"showImageEffects":true,"showParticleSystems":true,"showVisualEffectGraphs":true,"m_FxEnabled":false},"in2DMode":false,"pivot":{"x":-0.20690226554870606,"y":1.1844372749328614,"z":0.16574203968048097},"rotation":{"x":0.03726112097501755,"y":0.6576516628265381,"z":0.03255213424563408,"w":-0.7516428828239441},"size":1.3383450508117676,"orthographic":false}