{"cameraMode":{"drawMode":0,"name":"Shaded","section":"Shading Mode"},"sceneLighting":true,"audioPlay":false,"sceneViewState":{"m_AlwaysRefresh":false,"showFog":true,"showSkybox":true,"showFlares":true,"showImageEffects":true,"showParticleSystems":true,"showVisualEffectGraphs":true,"m_FxEnabled":false},"in2DMode":false,"pivot":{"x":1.2079851627349854,"y":1.4131321907043458,"z":1.1571643352508546},"rotation":{"x":0.03154866024851799,"y":-0.7335615754127502,"z":0.034137871116399768,"w":0.678037703037262},"size":3.3830087184906008,"orthographic":false}